张三,E001
李四,E002
王五,E003
赵六,E004
钱七,E005
孙八,E006
周九,E007
吴十,E008
郑十一,E009
王十二,E010
冯十三,E011
陈十四,E012
褚十五,E013
卫十六,E014
蒋十七,E015
沈十八,E016
韩十九,E017
杨二十,E018
朱二一,E019
秦二二,E020
尤二三,E021
许二四,E022
何二五,E023
吕二六,E024
施二七,E025
张二八,E026
孔二九,E027
曹三十,E028
严三一,E029
华三二,E030
金三三,E031
魏三四,E032
陶三五,E036
姜三六,E037
戚三七,E038
谢三八,E039
邹三九,E040
喻四十,E041
柏四一,E042
水四二,E043
窦四三,E044
章四四,E045
云四五,E046
苏四六,E047
潘四七,E048
葛四八,E049
奚四九,E050
范五十,E051
彭五一,E052
鲁五二,E053
韦五三,E054
昌五四,E055
马五五,E056
苗五六,E057
凤五七,E058
花五八,E059
方六十,E060
俞六一,E061
任六二,E062
袁六三,E063
柳六四,E064
酆六五,E065
鲍六六,E066
史六七,E067
唐六八,E068
费六九,E069
廉七十,E070
薛七一,E071
雷七二,E072
贺七三,E073
倪七四,E074
汤七五,E075
滕七六,E076
殷七七,E077
罗七八,E078
毕七九,E079
郝八十,E080
邬八十一,E081
安八十二,E082
常八十三,E083
乐八十四,E084
于八十五,E085
时八十六,E086
傅八十七,E087
皮八十八,E088
卞八十九,E089
齐九十,E090
康九十一,E091
伍九十二,E092
余九十三,E093
元九十四,E094
卜九十五,E095
顾九十六,E096
平九十七,E097
和九十八,E098
萧九十九,E099
于一百,E100
